CustomerId,TenureMonths,Churn,MonthlySpend,CreditScore,ReceivedOffer
1,28,0,391.708563232409,743,1
2,180,0,435.9895981845999,669,1
3,79,1,454.70422161969464,606,0
4,54,1,573.4731013632356,676,0
5,10,1,682.7169252466499,518,0
6,10,0,339.364209863931,650,0
7,3,0,796.7266886491075,666,1
8,120,1,445.77527979148624,696,0
9,55,0,583.2729488976607,599,1
10,73,0,366.9129691048566,654,1
11,1,0,15.151947945411678,603,0
12,210,1,676.8090792722099,662,0
13,107,1,647.3687794184866,605,0
14,14,0,527.5310798159088,629,1
15,12,1,642.9702510325671,600,1
16,12,1,603.1878435408199,682,0
17,21,0,302.8610071086759,692,1
18,44,0,452.95885200900295,638,1
19,33,1,658.8529359243654,651,0
20,20,0,249.1421153661501,577,0
21,56,0,628.8801335027393,635,1
22,9,0,433.58060603194053,647,1
23,20,1,667.004449787436,781,1
24,27,1,594.4920542075101,594,1
25,36,1,243.34935701858132,723,1
26,92,0,732.9478708914343,699,0
27,13,1,365.97060000862643,664,1
28,43,1,410.64742265628774,737,1
29,53,0,585.5077794287602,668,1
30,2,1,729.7274698857431,669,0
31,56,0,296.8356362043206,647,0
32,11,0,512.3359699695943,711,0
33,4,0,585.7633000661147,704,0
34,178,0,638.6211214526288,618,0
35,202,0,650.0523080864886,584,1
36,99,0,487.7694751586855,639,1
37,21,0,334.48195587025606,609,0
38,6,1,626.0382677344096,646,1
39,69,0,285.57219760287865,711,0
40,34,0,-84.27009669892152,627,0
41,7,0,587.3119608315336,647,0
42,41,1,760.5688685827379,652,1
43,2,0,27.41351289163231,692,0
44,144,0,298.0538590580125,537,0
45,17,1,623.8308522010395,619,0
46,65,0,1040.7640657681566,660,1
47,22,0,504.15874153508156,710,0
48,44,0,495.39567438593485,625,1
49,47,1,579.6377222797754,556,1
50,12,0,848.3390089187918,680,1
51,209,1,512.7903573966523,618,1
52,89,0,340.1615986699493,590,0
53,168,1,403.45129556359353,618,0
54,135,1,361.12427477709525,640,1
55,54,1,524.5340631989591,619,0
56,152,0,972.0751174009158,539,1
57,5,1,688.9811164754556,694,1
58,13,0,603.1257928353323,713,1
59,2,0,497.6736070962918,682,1
60,23,0,304.7915942537176,593,1
61,29,1,770.3632340102737,639,1
62,18,1,484.4325605974396,649,0
63,105,1,558.142805654265,679,1
64,26,0,1138.6215135689722,683,0
65,19,0,559.7505816731373,613,0
66,46,1,493.4502483405248,654,1
67,9,0,414.72848075889135,672,0
68,97,0,729.6891418393509,722,0
69,4,0,522.6540821075529,685,0
70,260,0,187.44135346187971,689,1
71,88,0,793.8687684857271,654,1
72,13,0,496.8164507049328,720,1
73,0,0,874.6595552435091,670,0
74,101,0,718.5315272552114,606,1
75,73,1,492.9931493644261,720,1
76,78,0,756.2032723470226,684,0
77,88,0,513.5711021054807,627,0
78,4,0,670.5547350244439,626,0
79,26,0,759.7167439318898,664,1
80,7,1,478.0221511860326,673,1
81,119,1,426.2605159097045,659,1
82,58,0,705.9921635162323,665,0
83,24,0,550.5634443980088,734,1
84,3,1,477.0541054924471,703,1
85,22,1,414.0997162380398,659,1
86,23,0,660.5784335783462,697,1
87,78,0,912.504983848629,598,0
88,60,0,286.49341714914544,669,0
89,130,1,616.1781037592814,740,1
90,38,0,854.3662237665545,639,1
91,7,1,556.4172309051503,607,1
92,74,0,590.4743592499468,617,0
93,85,0,446.1934082022463,595,1
94,49,0,585.6614194415297,610,0
95,88,0,462.5711469990903,631,0
96,40,0,822.1531507916668,579,1
97,44,0,769.6304318279714,650,1
98,33,0,1017.9127284037228,695,0
99,1,1,615.9266346427152,604,0
100,6,0,565.1592633164333,725,0
101,1,0,538.8768603154672,675,0
102,60,1,491.2989779474153,701,1
103,22,1,623.7836060511648,617,1
104,42,1,440.9197179721941,692,0
105,142,1,657.729424242322,595,1
106,17,0,938.3550274938909,694,1
107,31,0,373.94321292566815,658,1
108,84,1,727.975712225809,677,0
109,15,0,920.9066144119104,591,1
110,4,0,476.38629460178424,605,0
111,20,1,75.62902019828107,679,0
112,10,0,378.43560258111347,602,0
113,159,0,759.3989093122218,673,0
114,99,0,495.4263875402236,581,0
115,60,0,300.13955354101785,692,0
116,123,0,399.04501575435654,588,0
117,97,0,827.553846455261,677,1
118,12,1,801.8148207095949,681,1
119,133,0,452.21358016606115,615,0
120,46,0,584.7770465138118,679,1
121,98,1,492.6475535585514,663,1
122,135,1,357.69717226310667,623,1
123,22,1,823.0751378938884,599,0
124,6,1,556.4199437697021,551,1
125,15,0,848.803922882144,667,1
126,33,0,923.6317844161398,571,1
127,102,0,699.6621796295921,654,0
128,118,0,577.8667804490684,636,1
129,0,0,745.4952973081697,683,1
130,42,0,622.3718963388341,634,1
131,32,1,319.2596278539744,633,0
132,15,0,564.8718563443206,686,0
133,7,0,341.1335551663086,666,1
134,24,0,875.3641114379698,665,1
135,171,0,407.0765405403214,673,0
136,23,0,692.9265087893621,573,1
137,43,1,556.6575743092284,687,0
138,72,0,562.5091695989212,680,1
139,27,0,675.081062373747,599,1
140,214,0,532.6887178292164,637,1
141,196,1,772.5631981950535,648,1
142,17,0,230.8040639506503,643,0
143,41,0,646.3108974602063,666,1
144,21,0,887.785799811657,721,0
145,20,0,443.99107111955357,704,1
146,2,1,464.5172903317501,584,1
147,56,1,722.5526192011849,681,1
148,41,0,535.9163563879196,716,0
149,3,1,640.6594082833437,669,1
150,19,1,597.8374260295327,704,0
151,143,1,626.944293712354,750,0
152,16,1,905.8088227815191,701,1
153,9,0,581.9637313857025,662,0
154,40,0,605.5908763091754,702,1
155,254,0,634.5147402405462,657,0
156,16,1,879.9763869790431,651,0
157,66,0,525.5343279141466,632,1
158,86,1,337.4687045938356,728,1
159,16,1,721.4161338573946,609,0
160,78,0,596.5737128161702,726,1
161,27,1,154.7627059107997,674,1
162,60,0,788.4546053103398,580,1
163,60,0,392.9343628092155,668,0
164,46,1,595.1741931977946,544,1
165,5,0,699.2842249213217,681,1
166,108,1,634.6233216436998,694,1
167,23,1,641.8903634278079,620,0
168,12,0,565.7934349270712,656,1
169,2,0,673.1655529961603,747,1
170,53,0,501.31084954509527,624,1
171,67,0,647.7620961775006,597,0
172,1,1,677.432950837785,724,1
173,43,0,392.0407404916093,748,1
174,15,0,717.1964232350065,650,0
175,62,0,392.8073109771904,700,0
176,11,0,716.7200563349476,717,1
177,70,1,573.4574626802681,612,0
178,29,0,1021.3533855975367,625,1
179,165,1,580.1268094123266,711,1
180,8,0,633.8898927437876,734,1
181,25,1,496.11607882245346,678,0
182,7,0,439.3640434331449,606,0
183,155,0,690.5949528656199,749,1
184,125,1,176.73787831268243,623,0
185,17,0,386.60817608588366,633,1
186,64,1,286.4394156841614,667,0
187,101,0,690.0615183947151,727,0
188,48,0,842.1226745163851,692,0
189,45,0,604.1517358427162,670,1
190,16,1,522.3119652948949,673,1
191,5,0,514.0104326226362,652,0
192,136,0,732.3756605216381,677,0
193,138,0,314.5293731618852,523,0
194,60,0,632.5062931731004,635,1
195,24,0,695.0395259564859,662,0
196,25,1,738.5309827399944,592,1
197,77,1,585.9066373289538,669,1
198,136,1,897.4689722272749,639,1
199,130,1,-40.64645859984739,737,0
200,90,0,705.6916797434387,728,1
201,61,1,369.1848633745152,626,0
202,5,0,133.87342062870863,642,0
203,10,0,697.2167338764109,646,1
204,137,0,871.8621738825144,627,1
205,55,0,472.5102970744616,659,0
206,0,1,690.5749094405878,612,0
207,6,0,992.1147144944744,593,1
208,65,0,762.9828907168095,681,0
209,0,0,971.6341234245604,681,1
210,10,1,700.1176620458575,609,1
211,47,0,515.0867277803186,694,0
212,70,0,179.6068376205663,618,0
213,63,0,450.7875023740103,662,0
214,15,1,449.35889013405,691,1
215,74,0,1007.3062556105718,648,1
216,16,0,464.8228375135327,672,0
217,23,0,571.1313832121806,624,1
218,82,0,796.2491058501845,640,1
219,62,0,508.7204892744908,639,0
220,113,0,949.9753249461725,612,1
221,64,1,375.4701276531096,641,0
222,50,0,538.9214910474485,572,0
223,5,0,351.50588286039033,625,0
224,27,1,235.99549775585882,635,0
225,18,0,377.6461818189429,637,0
226,16,0,492.5926405903176,637,0
227,216,0,484.31898469810403,646,1
228,29,0,446.5567154038571,673,1
229,133,1,359.1824707352692,693,1
230,59,0,483.37888547426104,617,0
231,95,1,199.05592519379957,589,0
232,41,0,652.0111927379205,597,0
233,51,0,557.6398449484022,625,1
234,40,0,399.5168955041047,632,1
235,13,0,438.1581845900273,611,0
236,76,0,349.56871888188334,585,0
237,19,1,674.3084062662248,627,1
238,1,0,768.0900892046288,659,0
239,62,1,124.96550607085106,679,0
240,11,0,662.2053547950209,622,1
241,169,1,558.5603741323566,629,1
242,184,1,634.2680152900931,603,0
243,147,1,542.6393256475378,648,0
244,27,1,495.55187638515264,607,1
245,0,1,436.18921286667637,678,0
246,158,0,340.7948286393022,560,0
247,33,0,715.2014277197197,632,0
248,204,0,504.26232973438846,665,0
249,198,1,880.2381371506015,659,0
250,115,0,479.28926699905344,784,1
251,20,1,358.31864661790746,667,0
252,29,0,197.25712147743457,599,0
253,114,0,225.49485193303343,645,1
254,22,0,347.736503349696,561,1
255,11,0,674.5143339148402,645,1
256,48,0,767.2546000500316,608,1
257,165,0,183.76185959357332,695,0
258,71,0,825.8815374405693,622,1
259,50,0,403.3877896633121,644,0
260,6,0,694.9432748607429,618,1
261,57,0,822.4441256510848,736,0
262,276,1,766.6840592959873,633,1
263,9,0,529.0356351463437,741,1
264,43,0,321.7615549169425,690,0
265,125,0,203.9545974848657,674,1
266,81,0,414.22470245022913,668,1
267,71,0,561.1658779303079,669,1
268,72,0,302.5640945697632,553,0
269,26,0,645.8458568716335,636,1
270,20,0,515.3703765917536,692,0
271,99,0,455.02880363838426,647,0
272,99,1,369.99948383530807,579,0
273,121,1,533.7309343933455,647,0
274,146,0,546.5128078440129,735,1
275,42,0,281.92018451143076,712,0
276,41,0,876.8955380743691,646,1
277,96,0,480.2823735431476,697,0
278,62,1,503.76992458896956,631,0
279,72,0,641.6428846513114,564,0
280,95,0,546.6432262527003,603,0
281,132,0,690.627326782649,728,0
282,24,1,557.4248330403649,636,0
283,28,0,444.1530708330372,637,1
284,5,0,572.3007050412203,635,0
285,51,0,271.2547585358676,745,0
286,2,0,521.7119411553047,731,0
287,37,0,516.1071345372699,760,1
288,46,0,531.4113778223285,642,1
289,20,0,474.29249771221384,664,0
290,53,0,123.6301909004722,574,0
291,1,0,390.2550184518077,723,0
292,2,0,472.8561807373759,591,1
293,103,0,531.9712783994801,660,0
294,26,0,294.46497181480834,595,0
295,8,1,753.1415681729402,620,0
296,44,0,326.7650303570998,608,0
297,88,0,693.8914401053473,619,0
298,14,0,691.8697448945852,623,1
299,58,0,370.75453803123935,622,0
300,5,1,1024.5133966700405,691,1
301,3,0,261.27263364870396,594,0
302,45,1,683.8308347220003,661,0
303,46,0,730.4796900002459,710,1
304,60,0,365.87595818467105,624,0
305,77,1,797.657391265465,614,1
306,223,1,538.521580487436,638,1
307,43,1,557.7387258559714,708,0
308,23,1,683.3950496173977,659,1
309,95,0,473.1382517058904,623,0
310,18,1,793.3320115459522,674,1
311,34,0,658.6977441104426,594,0
312,4,1,358.04003922152094,684,1
313,1,0,760.8680485756305,670,0
314,197,1,220.4504673595462,634,1
315,108,0,818.813421634152,608,1
316,71,0,785.2270260085395,605,1
317,31,0,455.9047523787872,676,1
318,11,1,503.6762404618214,711,1
319,10,0,350.5802479091133,618,1
320,17,0,457.0157939422529,672,0
321,47,0,438.39314316285174,545,0
322,75,0,655.932106453868,620,0
323,64,1,762.0617492239217,648,0
324,19,0,779.1367621579911,604,0
325,185,1,444.75790265125204,603,1
326,80,0,458.1556252510944,616,0
327,48,0,295.92766913632147,664,1
328,56,1,338.82598670076226,640,0
329,32,0,692.9703266194915,538,0
330,17,0,870.3611809356239,543,1
331,26,0,394.2693646657157,619,1
332,85,1,433.37459757347233,672,1
333,0,0,629.3573002006576,512,1
334,7,1,556.0322317639213,625,0
335,2,1,481.151122297311,623,1
336,2,0,584.8122088928179,719,0
337,116,0,405.2321305858168,630,0
338,72,0,497.1095458243442,669,0
339,38,0,609.2568496007399,657,0
340,6,0,501.28445396218757,543,0
341,40,0,460.86951821618646,688,1
342,38,0,611.3464859664754,660,1
343,11,1,482.32740815893294,675,0
344,34,1,425.99779402357444,846,0
345,30,1,448.24078746657955,545,0
346,57,0,819.7294341009433,736,0
347,60,0,708.0481383934231,635,1
348,2,0,440.90393639416794,664,0
349,28,1,786.9561931171213,647,1
350,58,0,433.236102048798,628,0
351,41,1,825.0813165396693,621,1
352,116,0,573.9284384396187,666,0
353,64,0,604.0474446449134,574,1
354,10,1,589.5433851620555,687,0
355,4,0,292.14047956046016,629,1
356,61,1,274.64650621803895,593,0
357,1,1,261.21499872018893,627,0
358,52,0,556.3283557321301,712,1
359,169,0,979.8164834991944,623,1
360,51,0,1075.1589554205043,667,1
361,29,1,756.4783965434846,613,1
362,61,0,693.7359226712887,687,1
363,36,0,139.78845316945223,684,0
364,47,0,391.46524005319566,742,0
365,170,1,342.4432496183522,641,0
366,29,0,473.8933356002996,683,1
367,194,1,466.3712362830421,654,0
368,141,1,405.58188446057454,714,0
369,13,0,224.62184385904212,614,1
370,4,0,767.4306891868531,687,1
371,6,1,285.4513948520387,640,0
372,1,0,547.84937282223,646,0
373,5,1,914.8165339499947,654,0
374,68,0,316.12308168271534,662,0
375,4,0,-6.057504549265957,644,0
376,23,1,548.3891135341473,660,1
377,111,0,870.5497870295477,728,1
378,1,0,1017.5692296636914,699,1
379,101,0,254.09008110951663,693,0
380,19,0,684.1616283840085,627,1
381,7,0,406.9379086439893,605,0
382,71,0,478.8103291391729,697,0
383,59,1,1139.398711368289,693,1
384,125,0,199.40593432096938,723,0
385,79,0,550.7479322989147,619,0
386,97,0,694.5058378936744,638,1
387,19,1,717.1572649878694,568,0
388,11,0,617.1026229877732,630,1
389,83,1,561.6101079008205,699,0
390,98,0,545.3406573012651,626,1
391,279,0,553.8253882490214,682,0
392,31,0,431.3615449005179,640,0
393,27,0,684.770288386482,666,1
394,89,0,426.0779327912732,592,0
395,25,0,575.4200787804373,654,0
396,160,1,494.14743726300435,500,0
397,117,0,725.2100501544336,640,0
398,33,0,489.72125528230276,568,0
399,83,0,145.3935063586237,710,0
400,84,1,873.1229446822379,688,1
401,6,0,318.8535398274762,673,0
402,139,0,369.24673227023607,726,0
403,42,0,380.86774119130155,602,0
404,105,1,774.8876186341635,737,0
405,23,0,129.4521091243443,696,1
406,135,0,1127.5497067319989,638,0
407,29,1,866.4080391483058,706,1
408,0,1,544.6477828258319,594,0
409,141,0,577.2253734111365,608,1
410,5,1,636.7665527463126,619,1
411,23,0,677.4866521336514,623,1
412,179,0,743.7916899754524,597,1
413,180,0,636.2580109417574,711,1
414,51,0,517.9161362510498,637,0
415,59,0,460.5323159385348,667,0
416,35,1,605.8405175412047,621,1
417,20,0,461.0183439294638,558,0
418,23,0,726.7540193734129,663,0
419,66,0,752.3085748468973,554,1
420,83,1,-88.07772693285608,646,0
421,94,0,681.4587292159626,581,1
422,93,0,651.4246484236588,749,1
423,5,0,537.1054394741011,695,1
424,40,0,509.65814662741354,655,1
425,3,1,724.8225439972027,713,0
426,47,1,689.5052924245715,607,0
427,34,0,345.4244664352782,677,0
428,131,1,581.410457424907,659,0
429,25,0,437.9480387004525,663,1
430,7,1,325.04542892711515,713,1
431,9,0,374.656555082007,686,0
432,86,0,672.4786944765517,664,0
433,57,0,789.4133673817328,567,1
434,6,0,602.6170840194586,601,0
435,5,0,645.0191573695995,643,0
436,72,0,603.2356574229917,654,0
437,4,0,485.65787387266886,593,1
438,103,1,700.9626927688867,770,1
439,73,0,675.5483236652138,725,1
440,5,0,701.9332886693845,680,1
441,5,1,737.7826742949286,653,0
442,258,0,641.6607694402128,639,0
443,28,0,706.8375903271274,602,1
444,27,0,714.0300476632855,653,0
445,100,1,490.1806032075301,662,1
446,176,0,415.11215741466117,587,1
447,256,0,554.1063791969419,666,1
448,83,1,431.0255591052916,642,1
449,28,1,459.2323032298041,554,1
450,5,0,584.3096794391782,606,1
451,90,0,341.5160158000077,629,0
452,49,0,438.40769407219193,744,0
453,33,1,121.27706660924287,677,0
454,142,0,545.1901537084666,583,1
455,7,0,500.24109507244486,674,0
456,40,1,473.54129852144024,572,1
457,0,0,631.8491336864811,704,0
458,37,0,784.6442592716098,626,1
459,3,0,178.48802712620517,645,0
460,7,0,412.05949725305334,716,1
461,7,0,433.03419265821515,585,1
462,62,0,312.01937977822706,580,0
463,82,0,665.8949683863497,620,0
464,52,0,593.8512891542732,701,1
465,196,1,447.09703173787784,574,0
466,28,0,99.22752711864928,508,0
467,20,1,764.9080237576502,627,1
468,121,0,256.4453174999321,677,1
469,15,1,644.9590881089463,710,1
470,198,1,555.4753875916383,626,0
471,0,0,772.1317191677301,629,0
472,210,1,325.84829926419206,707,1
473,2,1,62.11826932502669,556,1
474,133,0,593.0481265337431,630,1
475,45,0,860.1022363021707,659,0
476,297,0,747.7892705878875,672,0
477,4,1,541.9318830549252,624,0
478,48,1,401.6727628735905,651,0
479,209,1,661.4245193274621,525,0
480,44,0,305.2907600591063,617,0
481,59,1,692.1391427651529,672,1
482,71,0,601.0940318333254,600,0
483,36,0,816.2672387844191,652,1
484,59,0,1191.8317352628274,672,1
485,52,0,724.6586242381218,632,1
486,138,0,398.2072748585002,658,0
487,2,0,638.3237625911397,601,1
488,19,0,186.8679976666836,639,1
489,180,0,490.45016818907516,680,1
490,132,0,549.1304516125226,657,1
491,36,0,399.61647582995624,620,1
492,58,0,635.1199367332149,661,1
493,19,0,335.5160135235599,685,0
494,12,0,786.2678705681255,547,1
495,37,0,500.0414129836394,707,0
496,26,0,565.4559787404062,633,1
497,52,0,434.4210566974164,671,0
498,4,0,531.0381367717958,709,0
499,219,0,799.2991402484478,581,1
500,257,1,419.49152755731353,614,1
501,71,0,368.37670218494867,635,0
502,46,0,439.2547942446671,610,0
503,22,0,221.91524931878553,736,1
504,100,0,336.14842805570044,607,0
505,69,0,476.6637203234832,622,1
506,10,0,674.8778361425454,660,0
507,145,0,521.2714129816794,589,1
508,103,0,766.1684677093949,630,1
509,179,0,670.1795924335945,665,0
510,77,1,472.52564232012065,633,0
511,57,1,578.0929699857779,645,0
512,32,1,696.538352054132,623,1
513,161,1,696.6098021093459,574,1
514,120,0,530.8889233012646,666,1
515,2,0,12.236568344714158,737,0
516,1,0,473.1441675627392,650,0
517,28,0,784.549627219988,661,0
518,99,1,685.2430804483184,684,0
519,261,0,758.7287919332592,586,1
520,9,1,779.6983461440943,735,1
521,54,0,613.9379456580363,660,1
522,28,1,539.4631414811191,731,0
523,210,0,486.0154471203155,613,1
524,110,0,534.968898392473,740,1
525,109,0,730.5009948735627,688,1
526,37,0,814.6703089327636,677,1
527,32,0,472.1107448638001,661,0
528,19,0,409.9621470297177,637,0
529,3,1,537.8784667670833,710,1
530,120,0,620.241349785823,657,0
531,100,0,211.22903677329163,551,0
532,490,0,90.03982303718168,594,1
533,341,1,422.8890265454865,640,1
534,48,0,377.46834935513095,665,1
535,87,0,398.37196047053783,647,0
536,173,0,470.4439362365057,710,0
537,113,0,559.0394289219194,552,1
538,17,0,959.1892261547215,657,1
539,35,0,622.7296146167589,559,1
540,8,0,683.8631524567662,687,1
541,184,1,756.0641396407955,645,1
542,55,0,348.5244676886479,670,1
543,15,0,707.8223574840538,606,0
544,66,0,665.3231759817068,713,1
545,57,1,745.4709172348452,702,1
546,26,0,417.42694092755585,679,1
547,7,1,189.24824679678716,643,0
548,66,0,702.613708278896,678,1
549,44,0,575.2819052195033,614,0
550,88,0,413.38861975899806,692,1
551,44,1,326.06738374506114,732,0
552,114,0,824.5947164504348,703,1
553,48,1,262.11762142653447,613,0
554,49,1,828.5345906511927,668,0
555,125,0,319.8758530704263,585,0
556,30,0,757.8679111355713,678,1
557,8,0,434.2763048502031,672,0
558,1,0,620.6374862164686,556,0
559,84,1,439.80702200086097,591,1
560,58,1,467.44141878554115,635,0
561,73,0,640.4097596614088,634,1
562,14,0,445.97479341092173,589,1
563,8,1,723.3382823099267,669,1
564,0,0,397.35728670568295,662,0
565,25,1,567.672198825313,640,1
566,53,0,301.1301250782975,612,0
567,29,0,-12.4667317590621,702,0
568,34,0,461.7944474799662,732,0
569,140,0,1123.8788557508715,625,1
570,25,0,656.9208575796048,619,0
571,43,0,532.551973997485,674,1
572,91,0,557.9916625318795,632,1
573,30,1,504.4931785624093,643,0
574,58,1,609.423823035042,686,0
575,118,0,431.3931414375668,554,1
576,179,0,887.5016034096848,715,1
577,9,0,826.2629046954225,653,1
578,156,0,643.6371451415869,629,0
579,40,0,587.6951477619455,645,0
580,17,0,503.923331538798,648,0
581,36,0,634.572247193364,563,0
582,234,0,618.3628267482757,724,0
583,40,0,506.7647159854022,652,1
584,23,0,385.27964542061983,672,0
585,60,1,520.3712590523974,697,0
586,16,0,902.6410845308279,598,1
587,4,0,407.00594078073254,673,1
588,8,0,206.49494684951202,636,0
589,8,0,709.6762733370291,692,1
590,9,1,510.17754037120363,543,0
591,8,0,534.6683328740817,645,0
592,61,1,548.7906395817,619,0
593,12,0,555.5169354183553,671,1
594,25,0,797.9726877204164,673,0
595,136,1,179.81920430469688,614,0
596,38,0,334.3005950439508,614,0
597,66,0,608.7121686433993,644,1
598,11,0,171.36223776916654,605,0
599,12,0,464.82911911358576,692,0
600,2,1,832.2940331456036,631,0
601,11,0,504.17729765919233,504,0
602,19,0,698.1432721388655,631,1
603,11,0,310.9784887668356,598,1
604,5,0,376.7277183921045,568,0
605,7,0,424.9607239352126,588,0
606,37,0,436.4569806487532,655,0
607,13,0,756.3287590007537,716,0
608,27,1,611.5382121450249,665,0
609,42,0,417.2043947216363,619,1
610,70,0,697.7794069740462,672,1
611,2,1,715.9871197298788,627,1
612,96,0,758.5648711937038,615,1
613,59,0,906.3232107563296,592,1
614,5,0,449.9856486298595,562,1
615,124,0,337.8284977579324,630,0
616,152,0,373.6389466482641,657,1
617,3,1,453.19602817860374,645,0
618,19,0,593.2716748892669,629,0
619,98,0,791.299700115515,602,1
620,82,1,484.80979527149543,680,0
621,12,0,436.0304953490312,584,0
622,14,0,618.5660362069146,688,1
623,27,0,332.9714196739954,599,0
624,39,1,917.9077443389547,612,0
625,57,0,263.7450066969866,576,1
626,27,0,709.5858930354541,624,1
627,37,0,1081.1586363729732,698,1
628,82,0,501.35996891199954,675,0
629,2,0,461.9921929997011,698,0
630,17,0,424.2160215512477,676,1
631,74,1,490.31980999617883,594,1
632,135,0,805.8779536903729,633,1
633,43,0,57.627617734098635,610,0
634,45,1,806.6867402592651,716,0
635,6,1,334.68879571457035,590,1
636,35,0,446.66953415311707,694,0
637,45,0,454.25279447940454,694,1
638,16,0,617.7106539541439,741,0
639,18,1,294.7138352423798,629,1
640,28,1,685.0742692821087,685,1
641,1,0,1033.1040425873766,764,1
642,23,1,227.36519908143794,619,0
643,14,0,626.8891103452265,573,1
644,23,0,471.0720545735816,555,1
645,7,0,585.1774412386071,685,0
646,132,1,723.43503724685,555,1
647,54,0,366.7348049701868,631,1
648,68,1,731.7356077136553,671,1
649,93,1,955.1295095193955,659,1
650,41,1,461.8192416545403,671,0
651,5,0,643.9515884296363,661,0
652,46,0,241.34540842576723,713,0
653,53,0,444.283253609673,602,1
654,82,0,850.1267656282675,616,1
655,33,0,937.2250151772965,611,1
656,8,1,571.122669757132,691,0
657,20,0,437.3883938953691,695,0
658,27,0,577.1875756654781,672,1
659,62,0,249.9184532060565,709,0
660,50,0,620.9030652710734,591,0
661,26,0,813.108066555769,733,1
662,258,0,409.58193343338394,726,0
663,55,1,405.9915704480997,686,0
664,16,0,553.1756459304097,739,0
665,6,1,412.6560527918809,567,0
666,9,1,579.6969952079431,623,1
667,16,0,919.944357833303,613,0
668,10,1,450.5948598508007,686,0
669,12,0,428.33196959575554,597,0
670,20,1,458.60747302491893,687,1
671,11,0,648.8383942999874,718,0
672,136,1,538.1669874592642,684,1
673,5,1,370.12539233571476,664,0
674,44,1,764.2608064546024,600,0
675,31,1,783.9206009027274,607,0
676,242,0,499.82265010838586,712,1
677,7,0,223.79662223403136,688,1
678,30,0,701.5027379673844,648,0
679,209,0,453.77781080056064,629,1
680,120,0,678.1553817228382,548,1
681,101,0,105.97923645763291,596,0
682,17,1,716.793867738742,745,1
683,11,0,257.7656141438438,585,0
684,66,1,724.1398635939848,659,1
685,159,0,667.2583998099058,700,1
686,48,1,409.9375660838037,587,1
687,50,1,456.7859476131208,659,1
688,19,0,637.2636913913402,696,0
689,88,0,657.728921962321,650,1
690,12,1,616.8825960944969,793,0
691,23,0,895.288116903097,566,0
692,33,0,406.86977268691226,702,1
693,42,0,1032.6972597455303,641,1
694,16,0,586.5354203544778,688,1
695,7,0,320.2431903353744,672,0
696,56,0,353.09568434014705,613,1
697,20,0,587.1307126514807,661,1
698,52,0,684.3300223848919,557,0
699,10,1,474.49017592449314,680,0
700,39,0,802.2309860494695,664,0
701,45,1,209.7648619896882,681,0
702,3,0,651.1362354509293,702,1
703,24,0,245.79699356656062,668,1
704,8,0,671.6246333247801,657,1
705,3,0,833.4705532591727,605,1
706,276,0,415.84764126378934,614,0
707,23,0,115.6104109246914,709,1
708,99,0,539.7896293592989,721,0
709,17,0,704.4307219443332,638,1
710,68,0,580.8589509923395,652,0
711,85,0,786.3273981576453,604,1
712,54,0,285.78926407019026,708,0
713,38,1,636.0432210900899,683,0
714,31,0,839.4744152715391,747,1
715,25,0,144.28248319869664,606,0
716,159,1,642.7358630676778,631,1
717,106,0,399.1640337984657,661,0
718,201,0,636.0410551040778,682,1
719,7,1,569.5352967076673,639,0
720,78,0,402.55428717728955,606,0
721,167,0,364.8583841676776,694,0
722,11,0,506.8304834976049,686,0
723,4,0,282.55081222743945,604,0
724,81,0,282.8349742229629,717,0
725,51,0,635.8746565913007,708,0
726,110,0,270.2411929682688,656,0
727,9,0,674.3163256169261,653,1
728,95,1,681.5347859532422,677,1
729,13,1,154.83865424188065,606,0
730,10,0,386.71838284080684,651,1
731,10,0,848.8641352652598,542,1
732,101,0,303.76689377206367,693,0
733,65,0,509.18352031749447,571,1
734,44,0,592.4121786503792,725,0
735,26,0,773.4000275989451,633,1
736,125,1,449.69222279110085,639,0
737,29,0,430.81848528196986,618,1
738,101,0,891.270200700619,635,1
739,34,0,847.7799327595158,720,0
740,28,0,695.7716101563591,525,0
741,37,1,664.8783786175721,713,1
742,21,1,338.34685567181475,666,0
743,82,1,433.0608149644954,589,1
744,41,0,729.7538754668399,596,1
745,15,0,687.9055679685031,733,1
746,137,0,844.640485093927,602,1
747,29,0,639.052004617127,592,1
748,47,0,264.09526549326813,706,1
749,142,1,710.3895235445837,666,0
750,58,0,300.38787453711745,603,0
751,7,0,423.2057456095297,660,0
752,168,0,632.7440747979804,598,1
753,59,0,1043.5911891961832,705,1
754,24,0,1121.9837112010723,703,0
755,8,1,683.0014099270089,676,1
756,94,1,463.36067625592244,668,0
757,58,1,606.90112969611,738,0
758,45,0,802.6153374332066,649,1
759,134,0,435.86647488856164,590,0
760,93,0,962.9481579442653,672,1
761,9,0,546.0141518382804,754,0
762,22,1,709.6312630747416,599,1
763,17,0,681.6862366720455,631,1
764,81,0,584.3173221228911,670,0
765,2,0,714.1036671480349,647,1
766,50,0,480.60348983565655,600,1
767,86,1,388.3396492107939,706,0
768,125,0,279.969153405661,766,0
769,25,0,685.9055269364596,659,1
770,103,0,655.7873007024228,604,0
771,7,0,591.5545732303772,572,0
772,112,1,834.8984866695075,662,0
773,8,1,498.8807962341907,705,0
774,30,1,704.2757111215666,673,1
775,95,1,281.65982477213714,649,0
776,9,0,422.5800595051198,620,0
777,15,0,639.1075515131555,595,0
778,76,0,669.8204221486288,691,0
779,76,0,528.3255861916139,695,1
780,61,1,485.68014962838663,572,0
781,71,0,330.88347351755493,729,1
782,46,1,428.59415983867814,678,0
783,17,0,678.0766327039572,719,0
784,25,0,714.3274855738439,582,1
785,12,0,600.133144276242,581,0
786,143,1,614.8460961715882,642,1
787,52,0,623.2129204867642,675,1
788,30,0,367.93577210531055,739,0
789,37,0,639.7656840405069,685,0
790,176,0,706.8738650533389,637,1
791,9,0,598.4037695985598,598,0
792,52,1,394.7930314664839,711,0
793,42,0,69.33141602575114,601,0
794,56,0,719.4305423507392,731,0
795,1,0,469.61497008662946,635,1
796,123,0,327.44484719137586,729,0
797,161,1,638.6957823827987,683,0
798,49,0,548.4181670107413,643,1
799,71,0,711.9872768093244,624,0
800,153,0,623.4011899153395,632,0
801,73,1,782.111980321448,671,1
802,9,1,226.80885775989316,653,0
803,51,0,836.1745082191583,620,1
804,55,0,641.6808947558727,641,1
805,33,0,426.14457215075936,653,0
806,80,1,644.9565843078037,543,1
807,163,0,144.75295342033598,672,0
808,155,0,581.7305622961342,601,0
809,35,0,420.0307834650845,592,1
810,7,0,303.0058923407174,565,1
811,251,0,195.52816275642175,560,0
812,109,1,821.9943181462364,582,1
813,7,0,481.01494523179406,614,1
814,152,0,1052.6542197363044,747,1
815,122,0,483.6324166053803,623,1
816,43,1,158.52840848141068,658,0
817,53,0,276.6951120102682,670,0
818,30,1,743.4303221240693,656,1
819,3,0,468.8203644126665,646,0
820,24,0,491.14380481663784,590,1
821,97,0,532.0036451705575,722,0
822,0,0,600.356547233509,740,0
823,24,0,723.4797631804922,565,0
824,30,1,882.1691452470886,598,1
825,46,0,428.0462708421828,636,0
826,151,0,278.38733504320766,601,1
827,25,0,417.3069677753448,675,0
828,25,1,552.0561013165773,613,0
829,80,1,307.2482147578778,758,0
830,36,0,358.81111902602953,709,1
831,15,1,568.7575763099771,660,0
832,36,0,490.2695296859098,701,0
833,9,0,506.5593990823173,705,0
834,11,1,348.3009330599861,621,0
835,41,1,547.6755128913431,609,1
836,32,0,415.938260944227,653,1
837,147,0,678.0396822249573,693,0
838,27,0,784.7338411830333,656,1
839,52,1,220.7304626111096,571,1
840,60,0,314.09782796151796,609,0
841,0,0,352.71569361422615,646,1
842,65,0,372.2427746027062,646,1
843,11,0,483.31240604192783,748,0
844,194,0,210.07095606029395,580,0
845,9,1,369.72923214440056,675,1
846,32,0,485.7670071720653,724,1
847,5,0,541.4534658797888,763,0
848,346,0,513.86886740725,629,0
849,41,1,355.65248933254935,674,0
850,54,0,605.7999349877848,678,1
851,4,0,398.33533069232607,659,1
852,83,1,524.2362515889627,645,1
853,14,1,834.6904180597073,671,0
854,136,1,851.2474540188126,523,1
855,13,1,297.7620375415316,684,1
856,12,0,665.9464835758349,656,0
857,2,1,662.2793108983184,638,0
858,38,0,344.8393015669655,752,1
859,49,1,771.2283332341376,616,1
860,4,1,807.5863836825106,629,0
861,89,1,494.57671533774453,749,1
862,36,0,316.49943579714727,608,0
863,44,0,861.5242916881177,622,1
864,34,0,629.0007522157368,642,1
865,30,1,659.0018497494309,692,1
866,49,1,671.2344107610555,660,1
867,10,0,683.4976799486087,585,1
868,12,0,234.7055743377834,623,0
869,118,0,800.698814829089,619,1
870,175,1,733.9179984855547,646,0
871,28,1,454.12185118639445,671,0
872,18,0,491.3046100372275,670,0
873,61,0,193.77849948885557,561,0
874,31,1,677.5005182400641,703,1
875,1,1,614.4114883428288,662,0
876,10,0,527.6142267004441,719,1
877,75,0,914.1094239333553,672,1
878,64,0,433.1845538040119,705,0
879,1,0,701.6785323889775,673,1
880,15,0,296.0671322615769,717,0
881,15,0,495.2895698251524,676,0
882,66,1,511.4627468082881,645,1
883,1,0,545.0615844081883,763,0
884,6,1,426.0946142333283,694,0
885,96,0,603.7161291528803,678,1
886,11,0,813.1060370490854,586,1
887,63,0,412.6471525523565,585,0
888,16,0,303.99246262529977,664,1
889,6,1,897.1152408427507,657,1
890,16,1,863.4435594820083,619,1
891,76,0,241.54746097887625,657,0
892,116,0,841.35286312433,729,1
893,106,1,429.51477196851647,684,1
894,30,0,712.8262683274733,592,1
895,66,0,667.8405442800196,644,1
896,13,1,453.1184399367356,609,0
897,20,0,343.2468668827207,630,0
898,135,0,361.8917895367481,629,0
899,0,0,316.7616169037515,626,0
900,5,1,466.3571097091921,587,1
901,13,0,486.5643419901289,643,0
902,1,0,456.1827704089179,621,1
903,12,1,706.4193119765316,503,1
904,52,0,797.4492310671855,752,0
905,32,1,383.9893517259914,704,0
906,133,0,669.0753742292746,631,1
907,102,1,651.6478904173888,650,1
908,25,0,594.4004541838549,591,0
909,18,0,515.1910535832175,734,0
910,28,0,674.3872620728235,744,1
911,53,0,655.5656707058747,657,1
912,18,1,252.46751553454044,701,0
913,58,1,753.2072622834578,658,1
914,31,0,677.4581674533484,583,0
915,48,0,347.3427791642837,629,0
916,34,1,507.5875670895204,656,0
917,20,1,636.6657985622139,627,0
918,177,0,458.13723608412766,639,0
919,86,0,714.5956095532024,645,0
920,9,0,972.7744989238722,645,0
921,121,0,342.80279347300353,652,0
922,40,0,223.79107936924504,596,0
923,134,0,715.3690583200964,614,1
924,96,0,644.3125010252287,585,0
925,33,1,453.8267252310462,698,0
926,1,0,926.8589606299317,544,1
927,18,0,396.8167612614717,707,1
928,46,0,638.5837246063222,719,0
929,60,0,418.8415725937106,634,1
930,17,0,978.8215654954987,519,1
931,9,0,978.013008443947,631,1
932,108,0,346.66868244333045,646,0
933,249,0,416.56409525672143,599,1
934,44,0,671.9175773959604,624,0
935,11,0,483.7801288837729,726,1
936,19,1,594.8659586969566,683,1
937,1,0,505.07768410848206,603,0
938,147,1,249.0180859561397,570,1
939,7,0,497.2324507811525,633,0
940,51,0,492.033322249433,639,1
941,19,0,401.3754355200456,674,0
942,48,0,788.7264006937628,623,0
943,63,1,248.69862114414875,675,0
944,106,1,830.8098630265124,746,1
945,13,1,444.2074139336383,690,0
946,0,0,444.04796630083314,647,0
947,8,0,658.0743792103423,640,0
948,138,0,690.8446594502981,632,1
949,124,0,639.3146587856737,709,1
950,54,0,693.6369321065722,618,0
951,55,0,433.73832336333544,652,0
952,65,0,377.5526530984499,652,0
953,11,0,282.9698946884404,624,0
954,147,1,334.91789400420896,581,0
955,32,1,1224.6350281657612,666,1
956,28,1,748.9359161473574,646,0
957,43,0,229.78512675839573,675,0
958,2,0,235.50840865128595,623,0
959,10,0,739.2681536082654,711,1
960,80,1,737.131436028983,606,1
961,5,0,696.9117670325834,735,1
962,55,0,449.00884128926043,562,0
963,16,1,474.90914799941993,671,0
964,29,0,565.5759048318715,673,0
965,20,0,517.178601258666,610,0
966,26,0,107.20288363500467,671,1
967,76,0,540.419573054777,713,1
968,21,0,491.4049270647469,539,1
969,50,0,594.787524730177,675,1
970,38,0,1097.051800520682,525,0
971,65,0,640.6618658134903,601,1
972,165,1,437.29406276552044,731,0
973,79,0,684.3603003954504,620,0
974,14,0,685.5106659840158,591,1
975,1,0,584.0188980903682,640,0
976,18,1,621.3701186431342,753,0
977,54,0,911.3087129659083,558,0
978,3,0,313.9027066872146,597,1
979,41,1,748.936327564468,724,1
980,54,1,314.7237740036923,742,0
981,24,0,721.022205127324,644,1
982,88,1,316.2626977027811,588,0
983,6,0,416.5266372789831,754,0
984,4,0,551.872134139855,729,1
985,78,0,818.942765665371,683,1
986,41,0,696.346104221205,609,1
987,69,1,250.8565247107231,647,0
988,34,0,598.2394736797903,641,1
989,16,0,470.89255933487937,666,1
990,102,1,407.9645681612894,722,1
991,96,1,456.59658991512595,693,0
992,71,0,513.405349967944,596,1
993,19,0,1059.716591736777,718,1
994,53,0,586.5919650721393,665,0
995,26,1,224.47649984915256,684,0
996,5,0,387.04519916581154,723,0
997,149,1,751.5848843176624,594,1
998,8,0,1039.0792743316301,648,1
999,180,0,197.70822605149155,623,1
1000,35,0,195.94822315008065,571,1
